-- seed.sql

-- 1. Configuration
INSERT INTO polla_config (id, name, description, season, entry_deadline, prediction_lock_minutes_before_match, points_exact_score, points_correct_result, prize_description)
VALUES (1, 'Polla Mundial 2026', 'La gran polla del Mundial NorteamГ©rica 2026', 2026, '2026-06-11 00:00:00+00', 60, 3, 1, '1er Lugar: 50%, 2do Lugar: 30%, 3er Lugar: 20%')
ON CONFLICT DO NOTHING;

-- 2. Users (Hashed passwords example: "password123")
INSERT INTO users (username, email, hashed_password, display_name, role)
VALUES 
('admin_master', 'admin@polla2026.com', '$2b$12$EixZaYVK1fsbw1ZfbX3OXePaWxn96p36WQoeG6Lruj3vjPGga31lW', 'Administrador', 'admin'),
('mateo_r', 'mateo@example.com', '$2b$12$EixZaYVK1fsbw1ZfbX3OXePaWxn96p36WQoeG6Lruj3vjPGga31lW', 'Mateo R.', 'participant');

-- 3. Groups (12 groups A to L)
INSERT INTO groups (name) VALUES 
('A'), ('B'), ('C'), ('D'), ('E'), ('F'), ('G'), ('H'), ('I'), ('J'), ('K'), ('L');

-- 4. Stadiums (16 host cities: 11 USA, 3 Mexico, 2 Canada)
INSERT INTO stadiums (name, city, country, capacity) VALUES
('Estadio Azteca', 'Mexico City', 'Mexico', 83264),
('Estadio Akron', 'Guadalajara', 'Mexico', 46232),
('Estadio BBVA', 'Monterrey', 'Mexico', 51000),
('BMO Field', 'Toronto', 'Canada', 30000),
('BC Place', 'Vancouver', 'Canada', 54000),
('MetLife Stadium', 'New York/New Jersey', 'USA', 82500),
('AT&T Stadium', 'Dallas', 'USA', 80000),
('Arrowhead Stadium', 'Kansas City', 'USA', 76416),
('NRG Stadium', 'Houston', 'USA', 72220),
('Mercedes-Benz Stadium', 'Atlanta', 'USA', 71000),
('SoFi Stadium', 'Los Angeles', 'USA', 70240),
('Lincoln Financial Field', 'Philadelphia', 'USA', 69796),
('Lumen Field', 'Seattle', 'USA', 69000),
('Levi''s Stadium', 'San Francisco Bay Area', 'USA', 68500),
('Gillette Stadium', 'Boston', 'USA', 65878),
('Hard Rock Stadium', 'Miami', 'USA', 64767);

-- 5. Teams (48 teams distributed in 12 groups based on plausible qualifiers)
INSERT INTO teams (name, country_code, flag_emoji, confederation, group_id) VALUES
('Mexico', 'MX', 'рџ‡Ірџ‡Ѕ', 'CONCACAF', 1), ('Poland', 'PL', 'рџ‡µрџ‡±', 'UEFA', 1), ('Egypt', 'EG', 'рџ‡Єрџ‡¬', 'CAF', 1), ('New Zealand', 'NZ', 'рџ‡ірџ‡ї', 'OFC', 1),
('USA', 'US', 'рџ‡єрџ‡ё', 'CONCACAF', 2), ('England', 'GB', 'рџЏґу Ѓ§у Ѓўу ЃҐу Ѓ®у Ѓ§у Ѓї', 'UEFA', 2), ('Iran', 'IR', 'рџ‡®рџ‡·', 'AFC', 2), ('Wales', 'WL', 'рџЏґу Ѓ§у Ѓўу Ѓ·у Ѓ¬у Ѓіу Ѓї', 'UEFA', 2),
('Canada', 'CA', 'рџ‡Ёрџ‡¦', 'CONCACAF', 3), ('France', 'FR', 'рџ‡«рџ‡·', 'UEFA', 3), ('Morocco', 'MA', 'рџ‡Ірџ‡¦', 'CAF', 3), ('Australia', 'AU', 'рџ‡¦рџ‡є', 'AFC', 3),
('Argentina', 'AR', 'рџ‡¦рџ‡·', 'CONMEBOL', 4), ('Saudi Arabia', 'SA', 'рџ‡ёрџ‡¦', 'AFC', 4), ('Sweden', 'SE', 'рџ‡ёрџ‡Є', 'UEFA', 4), ('Nigeria', 'NG', 'рџ‡ірџ‡¬', 'CAF', 4),
('Brazil', 'BR', 'рџ‡§рџ‡·', 'CONMEBOL', 5), ('Serbia', 'RS', 'рџ‡·рџ‡ё', 'UEFA', 5), ('Japan', 'JP', 'рџ‡Їрџ‡µ', 'AFC', 5), ('Costa Rica', 'CR', 'рџ‡Ёрџ‡·', 'CONCACAF', 5),
('Spain', 'ES', 'рџ‡Єрџ‡ё', 'UEFA', 6), ('Colombia', 'CO', 'рџ‡Ёрџ‡ґ', 'CONMEBOL', 6), ('South Korea', 'KR', 'рџ‡°рџ‡·', 'AFC', 6), ('Ivory Coast', 'CI', 'рџ‡Ёрџ‡®', 'CAF', 6),
('Germany', 'DE', 'рџ‡©рџ‡Є', 'UEFA', 7), ('Uruguay', 'UY', 'рџ‡єрџ‡ѕ', 'CONMEBOL', 7), ('Senegal', 'SN', 'рџ‡ёрџ‡і', 'CAF', 7), ('Panama', 'PA', 'рџ‡µрџ‡¦', 'CONCACAF', 7),
('Portugal', 'PT', 'рџ‡µрџ‡№', 'UEFA', 8), ('Ecuador', 'EC', 'рџ‡Єрџ‡Ё', 'CONMEBOL', 8), ('Algeria', 'DZ', 'рџ‡©рџ‡ї', 'CAF', 8), ('Qatar', 'QA', 'рџ‡¶рџ‡¦', 'AFC', 8),
('Netherlands', 'NL', 'рџ‡ірџ‡±', 'UEFA', 9), ('Chile', 'CL', 'рџ‡Ёрџ‡±', 'CONMEBOL', 9), ('Ghana', 'GH', 'рџ‡¬рџ‡­', 'CAF', 9), ('Honduras', 'HN', 'рџ‡­рџ‡і', 'CONCACAF', 9),
('Italy', 'IT', 'рџ‡®рџ‡№', 'UEFA', 10), ('Peru', 'PE', 'рџ‡µрџ‡Є', 'CONMEBOL', 10), ('Cameroon', 'CM', 'рџ‡Ёрџ‡І', 'CAF', 10), ('Jamaica', 'JM', 'рџ‡Їрџ‡І', 'CONCACAF', 10),
('Belgium', 'BE', 'рџ‡§рџ‡Є', 'UEFA', 11), ('Paraguay', 'PY', 'рџ‡µрџ‡ѕ', 'CONMEBOL', 11), ('Mali', 'ML', 'рџ‡Ірџ‡±', 'CAF', 11), ('UAE', 'AE', 'рџ‡¦рџ‡Є', 'AFC', 11),
('Croatia', 'HR', 'рџ‡­рџ‡·', 'UEFA', 12), ('Venezuela', 'VE', 'рџ‡»рџ‡Є', 'CONMEBOL', 12), ('Tunisia', 'TN', 'рџ‡№рџ‡і', 'CAF', 12), ('Oman', 'OM', 'рџ‡ґрџ‡І', 'AFC', 12);

-- 6. Special Bet Categories
INSERT INTO special_bet_categories (name, description, points_reward, bet_type, deadline) VALUES
('CampeГіn del Mundial', 'ВїQuГ© selecciГіn levantarГЎ la copa?', 15, 'team', '2026-06-11 00:00:00+00'),
('SubcampeГіn', 'Equipo que perderГЎ la final', 10, 'team', '2026-06-11 00:00:00+00'),
('Tercer lugar', 'Ganador del partido por el tercer puesto', 8, 'team', '2026-06-11 00:00:00+00'),
('BalГіn de Oro', 'Mejor jugador del torneo', 12, 'player', '2026-06-11 00:00:00+00'),
('Bota de Oro', 'MГЎximo goleador', 12, 'player', '2026-06-11 00:00:00+00'),
('Guante de Oro', 'Mejor portero', 10, 'player', '2026-06-11 00:00:00+00'),
('Sorpresa del torneo', 'Equipo revelaciГіn que llegarГЎ mГЎs lejos de lo esperado', 8, 'team', '2026-06-11 00:00:00+00'),
('DecepciГіn del torneo', 'Favorito que caerГЎ temprano', 8, 'team', '2026-06-11 00:00:00+00'),
('Total de goles', 'Suma total de goles marcados en los 104 partidos', 10, 'number', '2026-06-11 00:00:00+00'),
('ВїPrГіrroga en la final?', 'ВїEl partido final irГЎ a tiempo extra?', 5, 'boolean', '2026-06-11 00:00:00+00');
